timestamp,participant,device,session,posture,trial,words_completed,syllables,jamo,cpm_syl,jpm,wpm,key_events,backspace,msd_error_pct,skips,presses,moves,backspaces,moves_per_press,correction_pct
2026-07-11T16:26:07,P1,KIH,S1,desk,1,2,5,11,5,11,2.2,31,2,0,,,,,,
2026-07-11T16:27:43,P1,KIH,S1,desk,2,1,6,17,6,17,3.4,39,3,0,,,,,,
2026-07-11T16:29:02,P1,KIH,S1,desk,3,4,9,23,9,23,4.6,41,0,0,,,,,,
2026-07-11T16:30:19,P1,KIH,S1,desk,4,2,7,15,7,15,3,47,4,0,,,,,,
2026-07-11T16:31:44,P1,KIH,S1,desk,5,2,7,18,7,18,3.6,38,2,0,,,,,,
2026-07-11T16:32:53,P1,KIH,S1,desk,6,4,10,28,10,28,5.6,51,2,0,,,,,,
2026-07-11T16:34:03,P1,KIH,S1,desk,7,1,4,8,4,8,1.6,20,2,0,,,,,,
2026-07-11T16:35:11,P1,KIH,S1,desk,8,4,8,22,8,22,4.4,56,3,4.55,,,,,,
2026-07-11T16:36:18,P1,KIH,S1,desk,9,4,10,26,10,26,5.2,54,3,0,,,,,,
2026-07-11T16:37:25,P1,KIH,S1,desk,10,4,9,23,9,23,4.6,50,2,0,,,,,,
2026-07-11T16:39:03,P1,KIH,S1,desk,11,3,9,23,9,23,4.6,53,4,0,,,,,,
2026-07-11T16:40:07,P1,KIH,S1,desk,12,6,13,34,13,34,6.8,63,2,0,,,,,,
2026-07-11T16:41:12,P1,KIH,S1,desk,13,8,16,41,16,41,8.2,73,0,2.44,,,,,,
2026-07-11T16:42:17,P1,KIH,S1,desk,14,6,15,39,15,39,7.8,62,0,0,,,,,,
2026-07-11T16:43:27,P1,KIH,S1,desk,15,7,19,46,19,46,9.2,77,0,0,,,,,,
2026-07-11T16:54:05,P1,TV_OSK,S1,desk,1,5,12,29,12,29,5.8,,,,0,29,190,0,6.552,0.0
2026-07-11T16:56:18,P1,TV_OSK,S1,desk,2,5,13,30,13,30,6,,,,0,30,170,0,5.667,0.0
2026-07-11T16:58:35,P1,TV_OSK,S1,desk,3,4,12,34,12,34,6.8,,,,0,34,155,0,4.559,0.0
2026-07-11T17:01:03,P1,TV_OSK,S1,desk,4,5,13,33,13,33,6.6,,,,0,33,166,0,5.03,0.0
2026-07-11T17:03:17,P1,TV_OSK,S1,desk,5,3,8,22,8,22,4.4,,,,0,29,169,3,5.828,31.82
2026-07-11T17:07:32,P1,TV_OSK,S1,desk,6,5,14,36,14,36,7.2,,,,0,36,187,0,5.194,0.0
2026-07-11T17:09:49,P1,TV_OSK,S1,desk,7,5,13,32,13,32,6.4,,,,0,32,182,0,5.688,0.0
2026-07-11T17:11:55,P1,TV_OSK,S1,desk,8,5,12,30,12,30,6,,,,0,36,185,3,5.139,20.0
2026-07-11T17:14:10,P1,TV_OSK,S1,desk,9,6,14,34,14,34,6.8,,,,0,36,184,1,5.111,5.88
2026-07-11T17:16:29,P1,TV_OSK,S1,desk,10,6,15,36,15,36,7.2,,,,0,36,190,0,5.278,0.0
2026-07-11T17:20:53,P1,TV_OSK,S1,desk,11,5,15,35,15,35,7,,,,0,35,190,0,5.429,0.0
2026-07-11T17:22:56,P1,TV_OSK,S1,desk,12,6,15,35,15,35,7,,,,0,35,211,0,6.029,0.0
2026-07-11T17:25:05,P1,TV_OSK,S1,desk,13,7,17,39,17,39,7.8,,,,0,39,219,0,5.615,0.0
2026-07-11T17:27:08,P1,TV_OSK,S1,desk,14,6,17,42,17,42,8.4,,,,0,42,223,0,5.31,0.0
2026-07-11T17:29:32,P1,TV_OSK,S1,desk,15,7,14,35,14,35,7,,,,0,37,166,1,4.486,5.71
2026-07-11T17:03:55,P2,KIH,S1,desk,1,4,11,24,11,24,4.8,53,3,0,,,,,,
2026-07-11T17:05:07,P2,KIH,S1,desk,2,6,14,34,14,34,6.8,57,0,0,,,,,,
2026-07-11T17:06:14,P2,KIH,S1,desk,3,6,14,35,14,35,7,72,3,0,,,,,,
2026-07-11T17:07:19,P2,KIH,S1,desk,4,8,19,49,19,49,9.8,82,1,0,,,,,,
2026-07-11T17:08:23,P2,KIH,S1,desk,5,8,18,45,18,45,9,83,3,2.22,,,,,,
2026-07-11T17:09:27,P2,KIH,S1,desk,6,8,17,44,17,44,8.8,75,0,6.82,,,,,,
2026-07-11T17:10:34,P2,KIH,S1,desk,7,8,19,47,19,47,9.4,76,0,4.26,,,,,,
2026-07-11T17:11:39,P2,KIH,S1,desk,8,9,22,50,22,50,10,80,0,10.87,,,,,,
2026-07-11T17:12:45,P2,KIH,S1,desk,9,7,17,45,17,45,9,73,0,4.44,,,,,,
2026-07-11T17:13:52,P2,KIH,S1,desk,10,9,22,55,22,55,11,85,0,2.04,,,,,,
2026-07-11T17:14:57,P2,KIH,S1,desk,11,9,18,51,18,51,10.2,80,0,7.84,,,,,,
2026-07-11T17:16:02,P2,KIH,S1,desk,12,9,19,47,19,47,9.4,75,0,13.46,,,,,,
2026-07-11T17:17:12,P2,KIH,S1,desk,13,9,21,49,21,49,9.8,81,0,2.04,,,,,,
2026-07-11T17:18:18,P2,KIH,S1,desk,14,7,16,41,16,41,8.2,82,2,4.88,,,,,,
2026-07-11T17:19:22,P2,KIH,S1,desk,15,9,20,53,20,53,10.6,83,0,5.66,,,,,,
2026-07-11T16:10:35,P2,TV_OSK,S1,desk,1,5,12,31,12,31,6.2,,,,0,33,171,1,5.182,6.45
2026-07-11T16:13:04,P2,TV_OSK,S1,desk,2,7,15,38,15,38,7.6,,,,0,38,175,0,4.605,0.0
2026-07-11T16:15:33,P2,TV_OSK,S1,desk,3,5,14,36,14,36,7.2,,,,0,36,175,0,4.861,0.0
2026-07-11T16:17:53,P2,TV_OSK,S1,desk,4,4,10,29,10,29,5.8,,,,0,30,184,0,6.133,3.45
2026-07-11T16:20:11,P2,TV_OSK,S1,desk,5,4,12,32,12,32,6.4,,,,0,36,176,2,4.889,12.5
2026-07-11T16:24:16,P2,TV_OSK,S1,desk,6,7,15,39,15,39,7.8,,,,0,41,169,0,4.122,5.13
2026-07-11T16:26:17,P2,TV_OSK,S1,desk,7,6,13,31,13,31,6.2,,,,0,43,160,5,3.721,38.71
2026-07-11T16:28:32,P2,TV_OSK,S1,desk,8,6,14,37,14,37,7.4,,,,0,37,189,0,5.108,0.0
2026-07-11T16:30:34,P2,TV_OSK,S1,desk,9,5,13,33,13,33,6.6,,,,0,33,164,0,4.97,0.0
2026-07-11T16:32:40,P2,TV_OSK,S1,desk,10,6,14,37,14,37,7.4,,,,0,38,197,0,5.184,2.7
2026-07-11T16:36:47,P2,TV_OSK,S1,desk,11,5,14,35,14,35,7,,,,0,35,197,0,5.629,0.0
2026-07-11T16:38:48,P2,TV_OSK,S1,desk,12,6,14,36,14,36,7.2,,,,0,39,190,1,4.872,8.33
2026-07-11T16:41:02,P2,TV_OSK,S1,desk,13,5,11,29,11,29,5.8,,,,0,33,159,2,4.818,13.79
2026-07-11T16:43:15,P2,TV_OSK,S1,desk,14,2,7,16,7,16,3.2,,,,0,35,138,7,3.943,118.75
2026-07-11T16:45:41,P2,TV_OSK,S1,desk,15,6,13,37,13,37,7.4,,,,0,37,190,0,5.135,0.0
2026-07-21T10:13:08,P3,KIH,S1,desk,1,1,3,7,3.0,7.0,1.4,9,1,21.41,,,,,,
2026-07-21T10:15:01,P3,KIH,S1,desk,2,1,2,5,2.0,5.0,1.0,9,1,17.92,,,,,,
2026-07-21T10:17:06,P3,KIH,S1,desk,3,1,3,7,3.0,7.0,1.4,10,1,13.0,,,,,,
2026-07-21T10:23:07,P3,KIH,S1,desk,4,1,3,7,3.0,7.0,1.4,14,1,10.54,,,,,,
2026-07-21T10:25:01,P3,KIH,S1,desk,5,1,4,9,4.0,9.0,1.8,14,1,9.39,,,,,,
2026-07-21T10:27:21,P3,KIH,S1,desk,6,1,4,10,4.0,10.0,2.0,13,1,8.02,,,,,,
2026-07-21T10:33:27,P3,KIH,S1,desk,7,2,5,11,5.0,11.0,2.2,18,1,7.84,,,,,,
2026-07-21T10:35:02,P3,KIH,S1,desk,8,2,6,14,6.0,14.0,2.8,23,1,6.47,,,,,,
2026-07-21T10:37:18,P3,KIH,S1,desk,9,2,6,16,6.0,16.0,3.2,26,1,5.16,,,,,,
2026-07-21T10:43:23,P3,KIH,S1,desk,10,3,8,20,8.0,20.0,4.0,32,1,3.88,,,,,,
2026-07-21T10:44:49,P3,KIH,S1,desk,11,3,9,23,9.0,23.0,4.6,34,1,3.82,,,,,,
2026-07-21T10:47:19,P3,KIH,S1,desk,12,4,10,25,10.0,25.0,5.0,35,1,3.61,,,,,,
2026-07-21T10:53:23,P3,KIH,S1,desk,13,5,13,32,13.0,32.0,6.4,49,1,2.55,,,,,,
2026-07-21T10:55:28,P3,KIH,S1,desk,14,6,14,34,14.0,34.0,6.8,50,1,2.32,,,,,,
2026-07-21T10:57:11,P3,KIH,S1,desk,15,7,17,42,17.0,42.0,8.4,63,1,2.06,,,,,,
2026-07-21T11:13:17,P3,TV_OSK,S1,desk,1,4,11,26,11,26,5.2,,,,0,33,135,3,4.091,26.92
2026-07-21T11:15:36,P3,TV_OSK,S1,desk,2,5,14,32,14,32,6.4,,,,0,32,157,0,4.906,0.0
2026-07-21T11:17:51,P3,TV_OSK,S1,desk,3,7,15,40,15,40,8,,,,0,40,140,0,3.5,0.0
2026-07-21T11:20:11,P3,TV_OSK,S1,desk,4,5,13,30,13,30,6,,,,0,30,139,0,4.633,0.0
2026-07-21T11:22:24,P3,TV_OSK,S1,desk,5,7,15,36,15,36,7.2,,,,0,37,149,0,4.027,2.78
2026-07-21T11:26:33,P3,TV_OSK,S1,desk,6,5,14,35,14,35,7,,,,0,35,130,0,3.714,0.0
2026-07-21T11:29:03,P3,TV_OSK,S1,desk,7,4,12,33,12,33,6.6,,,,1,36,142,1,3.944,9.09
2026-07-21T11:31:32,P3,TV_OSK,S1,desk,8,6,16,37,16,37,7.4,,,,0,37,152,0,4.108,0.0
2026-07-21T11:33:58,P3,TV_OSK,S1,desk,9,6,14,34,14,34,6.8,,,,0,34,134,0,3.941,0.0
2026-07-21T11:36:19,P3,TV_OSK,S1,desk,10,6,12,33,12,33,6.6,,,,0,35,160,1,4.571,6.06
2026-07-21T11:40:28,P3,TV_OSK,S1,desk,11,6,15,37,15,37,7.4,,,,0,38,171,0,4.5,2.7
2026-07-21T11:42:35,P3,TV_OSK,S1,desk,12,7,17,42,17,42,8.4,,,,0,42,181,0,4.31,0.0
2026-07-21T11:44:44,P3,TV_OSK,S1,desk,13,6,13,34,13,34,6.8,,,,0,36,148,1,4.111,5.88
2026-07-21T11:46:46,P3,TV_OSK,S1,desk,14,6,15,37,15,37,7.4,,,,0,39,132,0,3.385,5.41
2026-07-21T11:49:09,P3,TV_OSK,S1,desk,15,6,16,39,16,39,7.8,,,,0,40,154,0,3.85,2.56
2026-07-21T11:04:00,P4,KIH,S1,desk,1,1,4,11,4.0,11.0,2.2,17,2,17.48,,,,,,
2026-07-21T11:06:21,P4,KIH,S1,desk,2,2,5,13,5.0,13.0,2.6,24,2,15.43,,,,,,
2026-07-21T11:07:43,P4,KIH,S1,desk,3,2,6,14,6.0,14.0,2.8,23,2,16.23,,,,,,
2026-07-21T11:13:52,P4,KIH,S1,desk,4,3,7,18,7.0,18.0,3.6,29,3,14.07,,,,,,
2026-07-21T11:15:52,P4,KIH,S1,desk,5,3,8,20,8.0,20.0,4.0,32,3,10.04,,,,,,
2026-07-21T11:18:14,P4,KIH,S1,desk,6,3,9,22,9.0,22.0,4.4,34,2,8.97,,,,,,
2026-07-21T11:23:45,P4,KIH,S1,desk,7,4,10,26,10.0,26.0,5.2,42,2,8.57,,,,,,
2026-07-21T11:25:53,P4,KIH,S1,desk,8,5,12,31,12.0,31.0,6.2,48,2,6.61,,,,,,
2026-07-21T11:28:08,P4,KIH,S1,desk,9,6,14,34,14.0,34.0,6.8,52,2,7.44,,,,,,
2026-07-21T11:34:01,P4,KIH,S1,desk,10,6,14,35,14.0,35.0,7.0,52,2,6.99,,,,,,
2026-07-21T11:35:54,P4,KIH,S1,desk,11,7,17,44,17.0,44.0,8.8,65,3,4.67,,,,,,
2026-07-21T11:38:28,P4,KIH,S1,desk,12,7,17,43,17.0,43.0,8.6,68,3,4.55,,,,,,
2026-07-21T11:44:15,P4,KIH,S1,desk,13,9,22,52,22.0,52.0,10.4,79,3,4.45,,,,,,
2026-07-21T11:46:08,P4,KIH,S1,desk,14,10,25,62,25.0,62.0,12.4,90,2,3.49,,,,,,
2026-07-21T11:47:57,P4,KIH,S1,desk,15,12,29,69,29.0,69.0,13.8,104,2,3.16,,,,,,
2026-07-21T10:16:48,P4,TV_OSK,S1,desk,1,4,10,26,10,26,5.2,,,,0,26,163,0,6.269,0.0
2026-07-21T10:19:13,P4,TV_OSK,S1,desk,2,4,13,26,13,26,5.2,,,,0,33,157,4,4.758,26.92
2026-07-21T10:21:25,P4,TV_OSK,S1,desk,3,4,13,34,13,34,6.8,,,,1,34,163,0,4.794,0.0
2026-07-21T10:23:54,P4,TV_OSK,S1,desk,4,4,9,27,9,27,5.4,,,,0,27,158,0,5.852,0.0
2026-07-21T10:26:19,P4,TV_OSK,S1,desk,5,6,13,32,13,32,6.4,,,,0,32,120,0,3.75,0.0
2026-07-21T10:30:19,P4,TV_OSK,S1,desk,6,5,13,34,13,34,6.8,,,,0,34,123,0,3.618,0.0
2026-07-21T10:32:25,P4,TV_OSK,S1,desk,7,4,12,31,12,31,6.2,,,,0,31,129,0,4.161,0.0
2026-07-21T10:34:53,P4,TV_OSK,S1,desk,8,6,16,36,16,36,7.2,,,,0,36,136,0,3.778,0.0
2026-07-21T10:37:07,P4,TV_OSK,S1,desk,9,4,12,31,12,31,6.2,,,,0,31,146,0,4.71,0.0
2026-07-21T10:39:36,P4,TV_OSK,S1,desk,10,6,12,32,12,32,6.4,,,,0,32,143,0,4.469,0.0
2026-07-21T10:43:48,P4,TV_OSK,S1,desk,11,6,15,38,15,38,7.6,,,,0,40,166,1,4.15,5.26
2026-07-21T10:45:50,P4,TV_OSK,S1,desk,12,6,15,35,15,35,7,,,,0,35,189,0,5.4,0.0
2026-07-21T10:48:09,P4,TV_OSK,S1,desk,13,6,12,32,12,32,6.4,,,,0,32,140,0,4.375,0.0
2026-07-21T10:50:32,P4,TV_OSK,S1,desk,14,6,18,43,18,43,8.6,,,,0,43,201,0,4.674,0.0
2026-07-21T10:52:41,P4,TV_OSK,S1,desk,15,6,13,36,13,36,7.2,,,,0,36,170,0,4.722,0.0
2026-07-21T13:47:41,P5,KIH,S1,desk,1,1,4,10,4.0,10.0,2.0,14,2,19.59,,,,,,
2026-07-21T13:49:59,P5,KIH,S1,desk,2,1,4,10,4.0,10.0,2.0,13,1,14.33,,,,,,
2026-07-21T13:52:41,P5,KIH,S1,desk,3,2,5,12,5.0,12.0,2.4,22,2,16.03,,,,,,
2026-07-21T13:57:33,P5,KIH,S1,desk,4,2,5,13,5.0,13.0,2.6,19,2,12.39,,,,,,
2026-07-21T14:00:32,P5,KIH,S1,desk,5,2,5,14,5.0,14.0,2.8,23,3,13.59,,,,,,
2026-07-21T14:03:06,P5,KIH,S1,desk,6,3,7,16,7.0,16.0,3.2,28,3,10.56,,,,,,
2026-07-21T14:08:26,P5,KIH,S1,desk,7,3,8,20,8.0,20.0,4.0,29,2,9.97,,,,,,
2026-07-21T14:11:06,P5,KIH,S1,desk,8,3,9,21,9.0,21.0,4.2,30,2,8.32,,,,,,
2026-07-21T14:13:31,P5,KIH,S1,desk,9,4,10,25,10.0,25.0,5.0,37,3,7.43,,,,,,
2026-07-21T14:19:20,P5,KIH,S1,desk,10,5,12,28,12.0,28.0,5.6,43,3,7.51,,,,,,
2026-07-21T14:21:08,P5,KIH,S1,desk,11,5,12,31,12.0,31.0,6.2,46,3,6.08,,,,,,
2026-07-21T14:24:13,P5,KIH,S1,desk,12,6,15,38,15.0,38.0,7.6,57,2,7.23,,,,,,
2026-07-21T14:29:37,P5,KIH,S1,desk,13,7,17,41,17.0,41.0,8.2,60,3,5.06,,,,,,
2026-07-21T14:32:07,P5,KIH,S1,desk,14,7,18,46,18.0,46.0,9.2,70,4,6.08,,,,,,
2026-07-21T14:34:37,P5,KIH,S1,desk,15,10,23,56,23.0,56.0,11.2,83,4,5.05,,,,,,
2026-07-21T14:50:44,P5,TV_OSK,S1,desk,1,5,11,26,11,26,5.2,,,,0,26,190,0,7.308,0.0
2026-07-21T14:52:53,P5,TV_OSK,S1,desk,2,5,15,34,15,34,6.8,,,,0,34,170,0,5.0,0.0
2026-07-21T14:55:22,P5,TV_OSK,S1,desk,3,3,12,34,12,34,6.8,,,,0,34,165,0,4.853,0.0
2026-07-21T14:57:45,P5,TV_OSK,S1,desk,4,5,13,33,13,33,6.6,,,,0,33,169,0,5.121,0.0
2026-07-21T14:59:49,P5,TV_OSK,S1,desk,5,4,9,23,9,23,4.6,,,,0,25,185,2,7.4,8.7
2026-07-21T15:03:56,P5,TV_OSK,S1,desk,6,4,14,33,14,33,6.6,,,,0,33,132,0,4.0,0.0
2026-07-21T15:05:59,P5,TV_OSK,S1,desk,7,3,10,31,10,31,6.2,,,,0,31,145,0,4.677,0.0
2026-07-21T15:08:01,P5,TV_OSK,S1,desk,8,5,14,38,14,38,7.6,,,,0,40,197,0,4.925,5.26
2026-07-21T15:10:25,P5,TV_OSK,S1,desk,9,6,14,34,14,34,6.8,,,,0,34,188,0,5.529,0.0
2026-07-21T15:12:30,P5,TV_OSK,S1,desk,10,6,16,36,16,36,7.2,,,,0,41,212,2,5.171,13.89
2026-07-21T15:16:47,P5,TV_OSK,S1,desk,11,5,15,37,15,37,7.4,,,,0,37,201,0,5.432,0.0
2026-07-21T15:19:00,P5,TV_OSK,S1,desk,12,7,15,38,15,38,7.6,,,,0,38,194,0,5.105,0.0
2026-07-21T15:21:06,P5,TV_OSK,S1,desk,13,5,12,31,12,31,6.2,,,,0,33,172,1,5.212,6.45
2026-07-21T15:23:28,P5,TV_OSK,S1,desk,14,6,17,43,17,43,8.6,,,,0,43,233,0,5.419,0.0
2026-07-21T15:25:32,P5,TV_OSK,S1,desk,15,7,14,37,14,37,7.4,,,,0,37,173,0,4.676,0.0
2026-07-21T14:36:20,P6,KIH,S1,desk,1,2,6,15,6.0,15.0,3.0,22,3,21.81,,,,,,
2026-07-21T14:38:14,P6,KIH,S1,desk,2,3,7,16,7.0,16.0,3.2,25,4,17.86,,,,,,
2026-07-21T14:39:55,P6,KIH,S1,desk,3,2,6,16,6.0,16.0,3.2,23,3,14.43,,,,,,
2026-07-21T14:45:26,P6,KIH,S1,desk,4,3,8,19,8.0,19.0,3.8,32,5,17.0,,,,,,
2026-07-21T14:47:25,P6,KIH,S1,desk,5,3,8,20,8.0,20.0,4.0,34,3,14.17,,,,,,
2026-07-21T14:49:21,P6,KIH,S1,desk,6,3,9,23,9.0,23.0,4.6,33,3,12.96,,,,,,
2026-07-21T14:54:15,P6,KIH,S1,desk,7,3,9,23,9.0,23.0,4.6,34,4,12.57,,,,,,
2026-07-21T14:56:17,P6,KIH,S1,desk,8,4,11,27,11.0,27.0,5.4,45,4,11.27,,,,,,
2026-07-21T14:57:46,P6,KIH,S1,desk,9,5,12,30,12.0,30.0,6.0,45,4,10.85,,,,,,
2026-07-21T15:03:29,P6,KIH,S1,desk,10,5,12,31,12.0,31.0,6.2,51,4,9.62,,,,,,
2026-07-21T15:05:00,P6,KIH,S1,desk,11,6,14,34,14.0,34.0,6.8,56,4,7.5,,,,,,
2026-07-21T15:07:03,P6,KIH,S1,desk,12,6,15,38,15.0,38.0,7.6,59,3,6.0,,,,,,
2026-07-21T15:12:05,P6,KIH,S1,desk,13,7,17,42,17.0,42.0,8.4,64,3,6.31,,,,,,
2026-07-21T15:14:00,P6,KIH,S1,desk,14,7,17,44,17.0,44.0,8.8,64,2,4.99,,,,,,
2026-07-21T15:16:00,P6,KIH,S1,desk,15,8,19,47,19.0,47.0,9.4,73,3,5.48,,,,,,
2026-07-21T13:43:22,P6,TV_OSK,S1,desk,1,6,13,32,13,32,6.4,,,,0,32,180,0,5.625,0.0
2026-07-21T13:45:34,P6,TV_OSK,S1,desk,2,5,14,31,14,31,6.2,,,,0,31,176,0,5.677,0.0
2026-07-21T13:48:03,P6,TV_OSK,S1,desk,3,4,13,35,13,35,7,,,,0,35,173,0,4.943,0.0
2026-07-21T13:50:03,P6,TV_OSK,S1,desk,4,5,13,34,13,34,6.8,,,,0,34,168,0,4.941,0.0
2026-07-21T13:52:29,P6,TV_OSK,S1,desk,5,3,10,23,10,23,4.6,,,,0,23,186,0,8.087,0.0
2026-07-21T13:56:59,P6,TV_OSK,S1,desk,6,4,13,35,13,35,7,,,,0,35,135,0,3.857,0.0
2026-07-21T13:59:16,P6,TV_OSK,S1,desk,7,5,14,34,14,34,6.8,,,,0,34,190,0,5.588,0.0
2026-07-21T14:01:46,P6,TV_OSK,S1,desk,8,6,14,38,14,38,7.6,,,,0,38,195,0,5.132,0.0
2026-07-21T14:03:47,P6,TV_OSK,S1,desk,9,5,14,36,14,36,7.2,,,,0,36,193,0,5.361,0.0
2026-07-21T14:05:53,P6,TV_OSK,S1,desk,10,6,14,34,14,34,6.8,,,,0,34,207,0,6.088,0.0
2026-07-21T14:10:22,P6,TV_OSK,S1,desk,11,5,14,35,14,35,7,,,,0,35,203,0,5.8,0.0
2026-07-21T14:12:41,P6,TV_OSK,S1,desk,12,6,15,35,15,35,7,,,,0,35,219,0,6.257,0.0
2026-07-21T14:14:58,P6,TV_OSK,S1,desk,13,7,17,40,17,40,8,,,,0,40,222,0,5.55,0.0
2026-07-21T14:16:59,P6,TV_OSK,S1,desk,14,5,17,42,17,42,8.4,,,,0,44,219,1,4.977,4.76
2026-07-21T14:19:04,P6,TV_OSK,S1,desk,15,7,14,36,14,36,7.2,,,,0,36,184,0,5.111,0.0
2026-07-21T16:09:09,P7,KIH,S1,desk,1,1,2,6,2.0,6.0,1.2,12,1,20.87,,,,,,
2026-07-21T16:10:18,P7,KIH,S1,desk,2,1,3,7,3.0,7.0,1.4,9,1,14.37,,,,,,
2026-07-21T16:12:00,P7,KIH,S1,desk,3,1,4,10,4.0,10.0,2.0,13,1,13.98,,,,,,
2026-07-21T16:15:09,P7,KIH,S1,desk,4,2,5,12,5.0,12.0,2.4,21,2,14.54,,,,,,
2026-07-21T16:17:07,P7,KIH,S1,desk,5,2,6,14,6.0,14.0,2.8,20,2,13.27,,,,,,
2026-07-21T16:18:32,P7,KIH,S1,desk,6,2,6,15,6.0,15.0,3.0,25,2,11.37,,,,,,
2026-07-21T16:21:52,P7,KIH,S1,desk,7,3,7,18,7.0,18.0,3.6,28,2,8.54,,,,,,
2026-07-21T16:23:13,P7,KIH,S1,desk,8,3,8,21,8.0,21.0,4.2,31,2,7.74,,,,,,
2026-07-21T16:24:40,P7,KIH,S1,desk,9,3,9,23,9.0,23.0,4.6,36,3,8.69,,,,,,
2026-07-21T16:28:32,P7,KIH,S1,desk,10,4,11,28,11.0,28.0,5.6,45,3,7.09,,,,,,
2026-07-21T16:29:34,P7,KIH,S1,desk,11,6,14,35,14.0,35.0,7.0,54,3,5.95,,,,,,
2026-07-21T16:31:13,P7,KIH,S1,desk,12,6,15,38,15.0,38.0,7.6,60,3,5.79,,,,,,
2026-07-21T16:34:37,P7,KIH,S1,desk,13,8,19,48,19.0,48.0,9.6,73,4,4.7,,,,,,
2026-07-21T16:36:08,P7,KIH,S1,desk,14,9,22,54,22.0,54.0,10.8,85,4,5.14,,,,,,
2026-07-21T16:37:31,P7,KIH,S1,desk,15,11,26,64,26.0,64.0,12.8,97,3,4.07,,,,,,
2026-07-21T16:53:42,P7,TV_OSK,S1,desk,1,4,11,28,11,28,5.6,,,,0,36,212,3,5.889,28.57
2026-07-21T16:55:42,P7,TV_OSK,S1,desk,2,5,12,29,12,29,5.8,,,,0,32,167,1,5.219,10.34
2026-07-21T16:58:00,P7,TV_OSK,S1,desk,3,6,14,38,14,38,7.6,,,,0,38,128,0,3.368,0.0
2026-07-21T17:00:25,P7,TV_OSK,S1,desk,4,6,14,33,14,33,6.6,,,,0,34,175,0,5.147,3.03
2026-07-21T17:02:37,P7,TV_OSK,S1,desk,5,7,15,37,15,37,7.4,,,,0,39,153,1,3.923,5.41
2026-07-21T17:06:39,P7,TV_OSK,S1,desk,6,5,15,36,15,36,7.2,,,,0,39,152,1,3.897,8.33
2026-07-21T17:08:45,P7,TV_OSK,S1,desk,7,4,12,36,12,36,7.2,,,,0,36,161,0,4.472,0.0
2026-07-21T17:11:04,P7,TV_OSK,S1,desk,8,6,12,30,12,30,6,,,,0,32,196,1,6.125,6.67
2026-07-21T17:13:05,P7,TV_OSK,S1,desk,9,6,13,34,13,34,6.8,,,,0,34,199,0,5.853,0.0
2026-07-21T17:15:16,P7,TV_OSK,S1,desk,10,6,15,36,15,36,7.2,,,,0,36,203,0,5.639,0.0
2026-07-21T17:19:34,P7,TV_OSK,S1,desk,11,5,14,35,14,35,7,,,,0,36,199,0,5.528,2.86
2026-07-21T17:21:38,P7,TV_OSK,S1,desk,12,6,15,37,15,37,7.4,,,,0,43,235,3,5.465,16.22
2026-07-21T17:23:56,P7,TV_OSK,S1,desk,13,7,17,40,17,40,8,,,,0,45,235,2,5.222,12.5
2026-07-21T17:26:21,P7,TV_OSK,S1,desk,14,6,17,43,17,43,8.6,,,,0,43,235,0,5.465,0.0
2026-07-21T17:28:25,P7,TV_OSK,S1,desk,15,7,14,39,14,39,7.8,,,,0,40,210,0,5.25,2.56
2026-07-22T09:39:21,P8,KIH,S1,desk,1,1,4,10,4.0,10.0,2.0,17,2,15.03,,,,,,
2026-07-22T09:41:40,P8,KIH,S1,desk,2,2,5,13,5.0,13.0,2.6,23,2,16.44,,,,,,
2026-07-22T09:43:56,P8,KIH,S1,desk,3,2,6,16,6.0,16.0,3.2,24,3,14.85,,,,,,
2026-07-22T09:49:55,P8,KIH,S1,desk,4,2,6,16,6.0,16.0,3.2,27,2,11.22,,,,,,
2026-07-22T09:51:52,P8,KIH,S1,desk,5,3,7,17,7.0,17.0,3.4,30,2,11.12,,,,,,
2026-07-22T09:54:31,P8,KIH,S1,desk,6,3,8,20,8.0,20.0,4.0,33,2,11.62,,,,,,
2026-07-22T10:00:06,P8,KIH,S1,desk,7,3,8,20,8.0,20.0,4.0,31,2,10.89,,,,,,
2026-07-22T10:02:43,P8,KIH,S1,desk,8,4,10,24,10.0,24.0,4.8,39,3,9.71,,,,,,
2026-07-22T10:05:13,P8,KIH,S1,desk,9,4,11,27,11.0,27.0,5.4,44,3,8.56,,,,,,
2026-07-22T10:10:50,P8,KIH,S1,desk,10,5,12,29,12.0,29.0,5.8,47,3,6.79,,,,,,
2026-07-22T10:12:55,P8,KIH,S1,desk,11,5,13,32,13.0,32.0,6.4,49,4,7.78,,,,,,
2026-07-22T10:15:53,P8,KIH,S1,desk,12,6,14,36,14.0,36.0,7.2,55,3,5.43,,,,,,
2026-07-22T10:21:17,P8,KIH,S1,desk,13,7,17,42,17.0,42.0,8.4,66,4,5.43,,,,,,
2026-07-22T10:23:50,P8,KIH,S1,desk,14,8,19,47,19.0,47.0,9.4,70,3,4.37,,,,,,
2026-07-22T10:25:48,P8,KIH,S1,desk,15,9,22,52,22.0,52.0,10.4,80,2,3.87,,,,,,
2026-07-22T08:46:15,P8,TV_OSK,S1,desk,1,5,10,25,10,25,5,,,,0,25,118,0,4.72,0.0
2026-07-22T08:48:34,P8,TV_OSK,S1,desk,2,6,15,35,15,35,7,,,,0,37,142,1,3.838,5.71
2026-07-22T08:50:44,P8,TV_OSK,S1,desk,3,8,16,39,16,39,7.8,,,,0,39,118,0,3.026,0.0
2026-07-22T08:52:50,P8,TV_OSK,S1,desk,4,5,13,32,13,32,6.4,,,,0,39,134,3,3.436,21.88
2026-07-22T08:55:09,P8,TV_OSK,S1,desk,5,7,15,35,15,35,7,,,,0,36,131,0,3.639,2.86
2026-07-22T08:59:30,P8,TV_OSK,S1,desk,6,5,14,36,14,36,7.2,,,,0,36,118,0,3.278,0.0
2026-07-22T09:01:35,P8,TV_OSK,S1,desk,7,5,12,32,12,32,6.4,,,,0,34,127,0,3.735,6.25
2026-07-22T09:03:54,P8,TV_OSK,S1,desk,8,7,15,37,15,37,7.4,,,,0,38,182,0,4.789,2.7
2026-07-22T09:06:11,P8,TV_OSK,S1,desk,9,5,12,31,12,31,6.2,,,,0,31,144,0,4.645,0.0
2026-07-22T09:08:31,P8,TV_OSK,S1,desk,10,6,13,32,13,32,6.4,,,,0,32,142,0,4.438,0.0
2026-07-22T09:12:43,P8,TV_OSK,S1,desk,11,6,15,37,15,37,7.4,,,,1,40,149,0,3.725,8.11
2026-07-22T09:14:57,P8,TV_OSK,S1,desk,12,7,16,38,16,38,7.6,,,,0,38,155,0,4.079,0.0
2026-07-22T09:17:00,P8,TV_OSK,S1,desk,13,8,17,37,17,37,7.4,,,,0,37,190,0,5.135,0.0
2026-07-22T09:19:01,P8,TV_OSK,S1,desk,14,7,18,43,18,43,8.6,,,,0,52,221,3,4.25,20.93
2026-07-22T09:21:05,P8,TV_OSK,S1,desk,15,6,13,36,13,36,7.2,,,,0,43,185,3,4.302,19.44
2026-07-22T11:27:13,P9,KIH,S1,desk,1,3,7,17,7.0,17.0,3.4,33,5,20.15,,,,,,
2026-07-22T11:29:23,P9,KIH,S1,desk,2,3,8,19,8.0,19.0,3.8,32,3,14.37,,,,,,
2026-07-22T11:31:39,P9,KIH,S1,desk,3,3,8,19,8.0,19.0,3.8,29,3,13.47,,,,,,
2026-07-22T11:37:20,P9,KIH,S1,desk,4,3,9,23,9.0,23.0,4.6,33,3,14.43,,,,,,
2026-07-22T11:38:54,P9,KIH,S1,desk,5,4,10,24,10.0,24.0,4.8,37,2,10.63,,,,,,
2026-07-22T11:41:44,P9,KIH,S1,desk,6,4,10,24,10.0,24.0,4.8,37,3,11.26,,,,,,
2026-07-22T11:46:59,P9,KIH,S1,desk,7,4,11,28,11.0,28.0,5.6,44,4,9.55,,,,,,
2026-07-22T11:49:06,P9,KIH,S1,desk,8,5,13,32,13.0,32.0,6.4,49,3,8.56,,,,,,
2026-07-22T11:51:41,P9,KIH,S1,desk,9,6,15,38,15.0,38.0,7.6,59,3,8.44,,,,,,
2026-07-22T11:57:02,P9,KIH,S1,desk,10,7,17,43,17.0,43.0,8.6,69,4,8.32,,,,,,
2026-07-22T11:58:54,P9,KIH,S1,desk,11,7,17,44,17.0,44.0,8.8,66,4,6.41,,,,,,
2026-07-22T12:01:35,P9,KIH,S1,desk,12,9,21,52,21.0,52.0,10.4,77,4,6.54,,,,,,
2026-07-22T12:06:54,P9,KIH,S1,desk,13,9,22,54,22.0,54.0,10.8,85,5,5.82,,,,,,
2026-07-22T12:09:14,P9,KIH,S1,desk,14,10,25,60,25.0,60.0,12.0,88,3,4.31,,,,,,
2026-07-22T12:11:35,P9,KIH,S1,desk,15,11,27,67,27.0,67.0,13.4,98,4,4.5,,,,,,
2026-07-22T12:25:22,P9,TV_OSK,S1,desk,1,4,10,26,10,26,5.2,,,,0,28,189,0,6.75,7.69
2026-07-22T12:27:29,P9,TV_OSK,S1,desk,2,5,12,28,12,28,5.6,,,,0,28,185,0,6.607,0.0
2026-07-22T12:29:50,P9,TV_OSK,S1,desk,3,4,11,32,11,32,6.4,,,,0,32,161,0,5.031,0.0
2026-07-22T12:31:57,P9,TV_OSK,S1,desk,4,5,12,30,12,30,6,,,,0,30,148,0,4.933,0.0
2026-07-22T12:34:22,P9,TV_OSK,S1,desk,5,7,15,35,15,35,7,,,,0,35,144,0,4.114,0.0
2026-07-22T12:38:40,P9,TV_OSK,S1,desk,6,7,15,37,15,37,7.4,,,,0,55,187,7,3.4,48.65
2026-07-22T12:40:49,P9,TV_OSK,S1,desk,7,4,13,33,13,33,6.6,,,,0,33,198,0,6.0,0.0
2026-07-22T12:42:54,P9,TV_OSK,S1,desk,8,5,15,37,15,37,7.4,,,,0,40,186,0,4.65,8.11
2026-07-22T12:45:16,P9,TV_OSK,S1,desk,9,6,15,34,15,34,6.8,,,,0,39,180,3,4.615,14.71
2026-07-22T12:47:18,P9,TV_OSK,S1,desk,10,6,16,39,16,39,7.8,,,,0,42,193,1,4.595,7.69
2026-07-22T12:51:25,P9,TV_OSK,S1,desk,11,5,17,37,17,37,7.4,,,,0,38,195,0,5.132,2.7
2026-07-22T12:53:41,P9,TV_OSK,S1,desk,12,8,18,43,18,43,8.6,,,,0,43,188,0,4.372,0.0
2026-07-22T12:56:07,P9,TV_OSK,S1,desk,13,7,18,42,18,42,8.4,,,,0,48,235,2,4.896,14.29
2026-07-22T12:58:25,P9,TV_OSK,S1,desk,14,5,16,41,16,41,8.2,,,,0,41,209,0,5.098,0.0
2026-07-22T13:00:34,P9,TV_OSK,S1,desk,15,7,14,36,14,36,7.2,,,,0,37,165,0,4.459,2.78
2026-07-22T13:10:10,P10,KIH,S1,desk,1,1,2,5,2.0,5.0,1.0,11,1,19.65,,,,,,
2026-07-22T13:12:34,P10,KIH,S1,desk,2,1,3,7,3.0,7.0,1.4,9,1,18.01,,,,,,
2026-07-22T13:14:35,P10,KIH,S1,desk,3,1,3,7,3.0,7.0,1.4,11,1,17.95,,,,,,
2026-07-22T13:19:58,P10,KIH,S1,desk,4,1,4,9,4.0,9.0,1.8,11,1,12.12,,,,,,
2026-07-22T13:22:21,P10,KIH,S1,desk,5,1,4,11,4.0,11.0,2.2,14,1,10.32,,,,,,
2026-07-22T13:25:34,P10,KIH,S1,desk,6,2,5,13,5.0,13.0,2.6,22,1,10.99,,,,,,
2026-07-22T13:30:41,P10,KIH,S1,desk,7,2,6,15,6.0,15.0,3.0,22,1,10.24,,,,,,
2026-07-22T13:33:22,P10,KIH,S1,desk,8,3,7,17,7.0,17.0,3.4,28,2,7.77,,,,,,
2026-07-22T13:35:51,P10,KIH,S1,desk,9,3,8,19,8.0,19.0,3.8,29,2,7.98,,,,,,
2026-07-22T13:41:08,P10,KIH,S1,desk,10,3,8,21,8.0,21.0,4.2,33,2,6.68,,,,,,
2026-07-22T13:43:34,P10,KIH,S1,desk,11,4,10,24,10.0,24.0,4.8,33,1,4.64,,,,,,
2026-07-22T13:46:29,P10,KIH,S1,desk,12,4,11,27,11.0,27.0,5.4,37,1,3.94,,,,,,
2026-07-22T13:52:06,P10,KIH,S1,desk,13,6,14,34,14.0,34.0,6.8,49,2,4.81,,,,,,
2026-07-22T13:53:50,P10,KIH,S1,desk,14,7,16,39,16.0,39.0,7.8,59,2,4.29,,,,,,
2026-07-22T13:56:50,P10,KIH,S1,desk,15,7,17,42,17.0,42.0,8.4,64,2,2.93,,,,,,
2026-07-22T14:07:19,P10,TV_OSK,S1,desk,1,5,13,30,13,30,6,,,,0,30,206,0,6.867,0.0
2026-07-22T14:09:40,P10,TV_OSK,S1,desk,2,5,14,31,14,31,6.2,,,,0,31,175,0,5.645,0.0
2026-07-22T14:11:57,P10,TV_OSK,S1,desk,3,7,15,39,15,39,7.8,,,,0,44,153,3,3.477,12.82
2026-07-22T14:14:27,P10,TV_OSK,S1,desk,4,5,13,32,13,32,6.4,,,,0,32,174,0,5.438,0.0
2026-07-22T14:16:41,P10,TV_OSK,S1,desk,5,3,8,24,8,24,4.8,,,,0,30,201,3,6.7,25.0
2026-07-22T14:20:54,P10,TV_OSK,S1,desk,6,5,13,36,13,36,7.2,,,,0,36,212,0,5.889,0.0
2026-07-22T14:23:02,P10,TV_OSK,S1,desk,7,5,13,32,13,32,6.4,,,,0,33,194,0,5.879,3.12
2026-07-22T14:25:20,P10,TV_OSK,S1,desk,8,6,18,39,18,39,7.8,,,,0,39,168,0,4.308,0.0
2026-07-22T14:27:30,P10,TV_OSK,S1,desk,9,6,13,34,13,34,6.8,,,,0,39,185,2,4.744,14.71
2026-07-22T14:29:54,P10,TV_OSK,S1,desk,10,6,16,38,16,38,7.6,,,,0,40,218,1,5.45,5.26
2026-07-22T14:34:04,P10,TV_OSK,S1,desk,11,5,14,36,14,36,7.2,,,,0,39,221,1,5.667,8.33
2026-07-22T14:36:24,P10,TV_OSK,S1,desk,12,6,15,37,15,37,7.4,,,,0,37,235,0,6.351,0.0
2026-07-22T14:38:37,P10,TV_OSK,S1,desk,13,5,12,31,12,31,6.2,,,,0,31,181,0,5.839,0.0
2026-07-22T14:40:47,P10,TV_OSK,S1,desk,14,6,17,41,17,41,8.2,,,,0,41,235,0,5.732,0.0
2026-07-22T14:43:04,P10,TV_OSK,S1,desk,15,7,15,37,15,37,7.4,,,,0,37,189,0,5.108,0.0
2026-07-22T14:52:35,P11,KIH,S1,desk,1,2,5,13,5.0,13.0,2.6,23,3,22.29,,,,,,
2026-07-22T14:55:16,P11,KIH,S1,desk,2,2,6,14,6.0,14.0,2.8,21,3,17.4,,,,,,
2026-07-22T14:57:57,P11,KIH,S1,desk,3,3,7,18,7.0,18.0,3.6,32,3,18.7,,,,,,
2026-07-22T15:02:42,P11,KIH,S1,desk,4,3,7,19,7.0,19.0,3.8,34,4,16.48,,,,,,
2026-07-22T15:04:35,P11,KIH,S1,desk,5,3,8,20,8.0,20.0,4.0,32,4,13.96,,,,,,
2026-07-22T15:07:45,P11,KIH,S1,desk,6,3,8,21,8.0,21.0,4.2,32,3,10.46,,,,,,
2026-07-22T15:11:38,P11,KIH,S1,desk,7,4,10,25,10.0,25.0,5.0,39,3,12.62,,,,,,
2026-07-22T15:14:12,P11,KIH,S1,desk,8,4,11,28,11.0,28.0,5.6,44,4,9.8,,,,,,
2026-07-22T15:16:33,P11,KIH,S1,desk,9,5,13,32,13.0,32.0,6.4,49,3,7.9,,,,,,
2026-07-22T15:21:14,P11,KIH,S1,desk,10,5,13,33,13.0,33.0,6.6,47,2,7.48,,,,,,
2026-07-22T15:24:22,P11,KIH,S1,desk,11,7,17,40,17.0,40.0,8.0,59,3,7.87,,,,,,
2026-07-22T15:26:39,P11,KIH,S1,desk,12,7,17,43,17.0,43.0,8.6,67,3,6.51,,,,,,
2026-07-22T15:30:58,P11,KIH,S1,desk,13,7,17,43,17.0,43.0,8.6,65,4,7.1,,,,,,
2026-07-22T15:33:35,P11,KIH,S1,desk,14,9,22,55,22.0,55.0,11.0,86,4,5.12,,,,,,
2026-07-22T15:35:35,P11,KIH,S1,desk,15,10,23,55,23.0,55.0,11.0,82,4,5.05,,,,,,
2026-07-22T15:54:49,P11,TV_OSK,S1,desk,1,5,11,29,11,29,5.8,,,,0,29,185,0,6.379,0.0
2026-07-22T15:57:11,P11,TV_OSK,S1,desk,2,5,14,31,14,31,6.2,,,,0,31,189,0,6.097,0.0
2026-07-22T15:59:24,P11,TV_OSK,S1,desk,3,3,12,35,12,35,7,,,,0,35,181,0,5.171,0.0
2026-07-22T16:01:29,P11,TV_OSK,S1,desk,4,5,12,31,12,31,6.2,,,,0,31,185,0,5.968,0.0
2026-07-22T16:03:31,P11,TV_OSK,S1,desk,5,5,11,32,11,32,6.4,,,,0,34,213,1,6.265,6.25
2026-07-22T16:07:33,P11,TV_OSK,S1,desk,6,6,15,37,15,37,7.4,,,,0,38,210,0,5.526,2.7
2026-07-22T16:09:43,P11,TV_OSK,S1,desk,7,5,14,31,14,31,6.2,,,,0,32,186,0,5.812,3.23
2026-07-22T16:12:04,P11,TV_OSK,S1,desk,8,5,12,32,12,32,6.4,,,,0,39,205,3,5.256,21.88
2026-07-22T16:14:28,P11,TV_OSK,S1,desk,9,7,14,35,14,35,7,,,,0,42,207,3,4.929,20.0
2026-07-22T16:16:33,P11,TV_OSK,S1,desk,10,6,15,37,15,37,7.4,,,,0,38,191,0,5.026,2.7
2026-07-22T16:20:40,P11,TV_OSK,S1,desk,11,7,15,37,15,37,7.4,,,,0,37,194,0,5.243,0.0
2026-07-22T16:22:48,P11,TV_OSK,S1,desk,12,7,18,43,18,43,8.6,,,,0,44,204,0,4.636,2.33
2026-07-22T16:25:10,P11,TV_OSK,S1,desk,13,7,18,40,18,40,8,,,,0,40,235,0,5.875,0.0
2026-07-22T16:27:30,P11,TV_OSK,S1,desk,14,2,8,18,8,18,3.6,,,,0,18,153,0,8.5,0.0
2026-07-22T16:29:43,P11,TV_OSK,S1,desk,15,7,15,37,15,37,7.4,,,,0,37,184,0,4.973,0.0
2026-07-22T15:47:52,P12,KIH,S1,desk,1,1,4,10,4.0,10.0,2.0,16,2,17.03,,,,,,
2026-07-22T15:49:47,P12,KIH,S1,desk,2,2,5,11,5.0,11.0,2.2,16,1,16.11,,,,,,
2026-07-22T15:52:19,P12,KIH,S1,desk,3,2,5,12,5.0,12.0,2.4,18,2,14.08,,,,,,
2026-07-22T15:56:09,P12,KIH,S1,desk,4,2,6,15,6.0,15.0,3.0,23,3,14.94,,,,,,
2026-07-22T15:57:40,P12,KIH,S1,desk,5,3,7,16,7.0,16.0,3.2,28,2,12.82,,,,,,
2026-07-22T15:59:46,P12,KIH,S1,desk,6,3,7,18,7.0,18.0,3.6,29,1,9.94,,,,,,
2026-07-22T16:04:25,P12,KIH,S1,desk,7,3,8,20,8.0,20.0,4.0,28,2,10.42,,,,,,
2026-07-22T16:05:51,P12,KIH,S1,desk,8,3,9,22,9.0,22.0,4.4,34,1,8.05,,,,,,
2026-07-22T16:07:39,P12,KIH,S1,desk,9,3,9,23,9.0,23.0,4.6,37,2,6.99,,,,,,
2026-07-22T16:11:45,P12,KIH,S1,desk,10,4,11,26,11.0,26.0,5.2,38,3,7.37,,,,,,
2026-07-22T16:13:53,P12,KIH,S1,desk,11,5,12,30,12.0,30.0,6.0,47,3,5.88,,,,,,
2026-07-22T16:16:18,P12,KIH,S1,desk,12,5,13,33,13.0,33.0,6.6,50,1,5.26,,,,,,
2026-07-22T16:19:59,P12,KIH,S1,desk,13,6,15,36,15.0,36.0,7.2,56,2,4.06,,,,,,
2026-07-22T16:21:43,P12,KIH,S1,desk,14,7,18,44,18.0,44.0,8.8,65,1,3.52,,,,,,
2026-07-22T16:23:49,P12,KIH,S1,desk,15,7,18,45,18.0,45.0,9.0,66,2,3.26,,,,,,
2026-07-22T15:00:24,P12,TV_OSK,S1,desk,1,4,12,28,12,28,5.6,,,,0,28,125,0,4.464,0.0
2026-07-22T15:02:43,P12,TV_OSK,S1,desk,2,5,13,30,13,30,6,,,,0,32,157,1,4.906,6.67
2026-07-22T15:05:05,P12,TV_OSK,S1,desk,3,7,14,40,14,40,8,,,,0,47,148,5,3.149,17.5
2026-07-22T15:07:33,P12,TV_OSK,S1,desk,4,4,13,31,13,31,6.2,,,,0,31,136,0,4.387,0.0
2026-07-22T15:09:38,P12,TV_OSK,S1,desk,5,4,12,32,12,32,6.4,,,,0,33,179,0,5.424,3.12
2026-07-22T15:14:05,P12,TV_OSK,S1,desk,6,4,14,34,14,34,6.8,,,,0,35,130,1,3.714,2.94
2026-07-22T15:16:18,P12,TV_OSK,S1,desk,7,4,14,35,14,35,7,,,,0,35,136,0,3.886,0.0
2026-07-22T15:18:46,P12,TV_OSK,S1,desk,8,6,17,39,17,39,7.8,,,,0,39,150,0,3.846,0.0
2026-07-22T15:21:02,P12,TV_OSK,S1,desk,9,5,13,32,13,32,6.4,,,,0,32,157,0,4.906,0.0
2026-07-22T15:23:15,P12,TV_OSK,S1,desk,10,6,13,36,13,36,7.2,,,,0,36,153,0,4.25,0.0
2026-07-22T15:27:25,P12,TV_OSK,S1,desk,11,7,15,37,15,37,7.4,,,,0,37,174,0,4.703,0.0
2026-07-22T15:29:36,P12,TV_OSK,S1,desk,12,8,18,44,18,44,8.8,,,,0,44,170,0,3.864,0.0
2026-07-22T15:31:57,P12,TV_OSK,S1,desk,13,8,18,40,18,40,8,,,,0,40,224,0,5.6,0.0
2026-07-22T15:34:04,P12,TV_OSK,S1,desk,14,6,14,37,14,37,7.4,,,,0,37,125,0,3.378,0.0
2026-07-22T15:36:15,P12,TV_OSK,S1,desk,15,7,14,38,14,38,7.6,,,,0,38,179,0,4.711,0.0
2026-07-25T10:45:49,P13,KIH,S1,desk,1,1,4,9,4.0,9.0,1.8,13,2,15.04,,,,,,
2026-07-25T10:47:00,P13,KIH,S1,desk,2,1,4,10,4.0,10.0,2.0,14,2,12.08,,,,,,
2026-07-25T10:48:59,P13,KIH,S1,desk,3,2,5,11,5.0,11.0,2.2,19,1,12.66,,,,,,
2026-07-25T10:52:58,P13,KIH,S1,desk,4,2,5,13,5.0,13.0,2.6,21,2,10.81,,,,,,
2026-07-25T10:55:14,P13,KIH,S1,desk,5,2,6,14,6.0,14.0,2.8,23,2,10.39,,,,,,
2026-07-25T10:56:03,P13,KIH,S1,desk,6,2,6,16,6.0,16.0,3.2,23,1,8.68,,,,,,
2026-07-25T11:01:14,P13,KIH,S1,desk,7,3,7,18,7.0,18.0,3.6,29,2,9.56,,,,,,
2026-07-25T11:02:45,P13,KIH,S1,desk,8,3,8,20,8.0,20.0,4.0,33,3,8.1,,,,,,
2026-07-25T11:03:57,P13,KIH,S1,desk,9,4,10,25,10.0,25.0,5.0,40,2,6.14,,,,,,
2026-07-25T11:08:22,P13,KIH,S1,desk,10,4,11,27,11.0,27.0,5.4,39,2,6.63,,,,,,
2026-07-25T11:10:02,P13,KIH,S1,desk,11,5,12,31,12.0,31.0,6.2,45,3,6.01,,,,,,
2026-07-25T11:11:40,P13,KIH,S1,desk,12,6,15,36,15.0,36.0,7.2,52,2,5.09,,,,,,
2026-07-25T11:15:51,P13,KIH,S1,desk,13,6,15,39,15.0,39.0,7.8,60,2,3.81,,,,,,
2026-07-25T11:17:46,P13,KIH,S1,desk,14,8,19,48,19.0,48.0,9.6,73,1,3.34,,,,,,
2026-07-25T11:18:48,P13,KIH,S1,desk,15,9,21,53,21.0,53.0,10.6,80,3,3.56,,,,,,
2026-07-25T11:36:06,P13,TV_OSK,S1,desk,1,4,11,25,11,25,5,,,,0,25,124,0,4.96,0.0
2026-07-25T11:38:22,P13,TV_OSK,S1,desk,2,5,13,30,13,30,6,,,,0,30,160,0,5.333,0.0
2026-07-25T11:40:22,P13,TV_OSK,S1,desk,3,7,14,39,14,39,7.8,,,,0,39,141,0,3.615,0.0
2026-07-25T11:42:38,P13,TV_OSK,S1,desk,4,5,13,29,13,29,5.8,,,,0,29,131,0,4.517,0.0
2026-07-25T11:44:40,P13,TV_OSK,S1,desk,5,7,14,35,14,35,7,,,,0,36,140,0,3.889,2.86
2026-07-25T11:48:55,P13,TV_OSK,S1,desk,6,6,14,36,14,36,7.2,,,,0,39,122,2,3.128,8.33
2026-07-25T11:51:02,P13,TV_OSK,S1,desk,7,4,11,33,11,33,6.6,,,,0,36,138,0,3.833,9.09
2026-07-25T11:53:22,P13,TV_OSK,S1,desk,8,5,12,29,12,29,5.8,,,,0,29,184,0,6.345,0.0
2026-07-25T11:55:26,P13,TV_OSK,S1,desk,9,6,13,32,13,32,6.4,,,,0,32,132,0,4.125,0.0
2026-07-25T11:57:33,P13,TV_OSK,S1,desk,10,6,12,34,12,34,6.8,,,,0,42,152,4,3.619,23.53
2026-07-25T12:01:34,P13,TV_OSK,S1,desk,11,7,16,37,16,37,7.4,,,,0,37,164,0,4.432,0.0
2026-07-25T12:03:45,P13,TV_OSK,S1,desk,12,7,15,36,15,36,7.2,,,,0,36,191,0,5.306,0.0
2026-07-25T12:05:51,P13,TV_OSK,S1,desk,13,6,13,35,13,35,7,,,,0,41,146,3,3.561,17.14
2026-07-25T12:08:02,P13,TV_OSK,S1,desk,14,6,16,39,16,39,7.8,,,,0,44,130,1,2.955,12.82
2026-07-25T12:10:28,P13,TV_OSK,S1,desk,15,6,14,38,14,38,7.6,,,,0,38,182,0,4.789,0.0
2026-07-25T13:18:50,P14,KIH,S1,desk,1,2,6,14,6.0,14.0,2.8,21,2,19.22,,,,,,
2026-07-25T13:21:16,P14,KIH,S1,desk,2,2,6,15,6.0,15.0,3.0,24,2,15.43,,,,,,
2026-07-25T13:24:12,P14,KIH,S1,desk,3,3,8,19,8.0,19.0,3.8,31,4,16.36,,,,,,
2026-07-25T13:28:57,P14,KIH,S1,desk,4,3,8,20,8.0,20.0,4.0,31,4,14.9,,,,,,
2026-07-25T13:31:58,P14,KIH,S1,desk,5,3,9,22,9.0,22.0,4.4,32,2,11.65,,,,,,
2026-07-25T13:34:31,P14,KIH,S1,desk,6,3,9,23,9.0,23.0,4.6,33,3,12.05,,,,,,
2026-07-25T13:39:56,P14,KIH,S1,desk,7,4,11,26,11.0,26.0,5.2,42,2,8.67,,,,,,
2026-07-25T13:42:35,P14,KIH,S1,desk,8,5,12,31,12.0,31.0,6.2,51,4,7.88,,,,,,
2026-07-25T13:44:32,P14,KIH,S1,desk,9,6,14,35,14.0,35.0,7.0,54,4,7.02,,,,,,
2026-07-25T13:50:13,P14,KIH,S1,desk,10,6,14,35,14.0,35.0,7.0,55,3,7.26,,,,,,
2026-07-25T13:53:06,P14,KIH,S1,desk,11,6,14,37,14.0,37.0,7.4,58,3,6.69,,,,,,
2026-07-25T13:55:37,P14,KIH,S1,desk,12,8,20,50,20.0,50.0,10.0,78,4,5.97,,,,,,
2026-07-25T14:01:09,P14,KIH,S1,desk,13,10,23,57,23.0,57.0,11.4,85,5,6.18,,,,,,
2026-07-25T14:03:46,P14,KIH,S1,desk,14,10,23,56,23.0,56.0,11.2,83,3,4.67,,,,,,
2026-07-25T14:05:50,P14,KIH,S1,desk,15,11,26,65,26.0,65.0,13.0,96,4,4.75,,,,,,
2026-07-25T12:31:36,P14,TV_OSK,S1,desk,1,4,10,22,10,22,4.4,,,,0,22,118,0,5.364,0.0
2026-07-25T12:33:57,P14,TV_OSK,S1,desk,2,5,13,30,13,30,6,,,,0,30,128,0,4.267,0.0
2026-07-25T12:36:03,P14,TV_OSK,S1,desk,3,6,13,36,13,36,7.2,,,,0,36,118,0,3.278,0.0
2026-07-25T12:38:26,P14,TV_OSK,S1,desk,4,5,13,30,13,30,6,,,,0,30,123,0,4.1,0.0
2026-07-25T12:40:36,P14,TV_OSK,S1,desk,5,7,14,34,14,34,6.8,,,,0,34,122,0,3.588,0.0
2026-07-25T12:44:46,P14,TV_OSK,S1,desk,6,4,14,36,14,36,7.2,,,,0,36,162,0,4.5,0.0
2026-07-25T12:46:50,P14,TV_OSK,S1,desk,7,5,12,32,12,32,6.4,,,,0,35,119,0,3.4,9.38
2026-07-25T12:48:51,P14,TV_OSK,S1,desk,8,7,14,37,14,37,7.4,,,,0,37,176,0,4.757,0.0
2026-07-25T12:50:53,P14,TV_OSK,S1,desk,9,6,12,32,12,32,6.4,,,,0,32,165,0,5.156,0.0
2026-07-25T12:53:19,P14,TV_OSK,S1,desk,10,6,13,34,13,34,6.8,,,,0,34,173,0,5.088,0.0
2026-07-25T12:57:47,P14,TV_OSK,S1,desk,11,5,15,35,15,35,7,,,,0,38,192,1,5.053,8.57
2026-07-25T13:00:03,P14,TV_OSK,S1,desk,12,7,18,41,18,41,8.2,,,,0,41,170,0,4.146,0.0
2026-07-25T13:02:04,P14,TV_OSK,S1,desk,13,7,14,35,14,35,7,,,,0,35,134,0,3.829,0.0
2026-07-25T13:04:30,P14,TV_OSK,S1,desk,14,6,15,37,15,37,7.4,,,,0,37,118,0,3.189,0.0
2026-07-25T13:06:32,P14,TV_OSK,S1,desk,15,7,18,41,18,41,8.2,,,,0,55,159,6,2.891,34.15
2026-07-25T14:22:46,P15,KIH,S1,desk,1,1,2,5,2.0,5.0,1.0,8,1,21.01,,,,,,
2026-07-25T14:25:11,P15,KIH,S1,desk,2,1,2,6,2.0,6.0,1.2,11,1,20.63,,,,,,
2026-07-25T14:26:51,P15,KIH,S1,desk,3,1,3,8,3.0,8.0,1.6,13,2,17.33,,,,,,
2026-07-25T14:32:24,P15,KIH,S1,desk,4,1,3,8,3.0,8.0,1.6,13,2,16.3,,,,,,
2026-07-25T14:34:30,P15,KIH,S1,desk,5,1,4,11,4.0,11.0,2.2,16,2,11.81,,,,,,
2026-07-25T14:36:25,P15,KIH,S1,desk,6,1,4,11,4.0,11.0,2.2,16,2,12.83,,,,,,
2026-07-25T14:41:26,P15,KIH,S1,desk,7,2,5,13,5.0,13.0,2.6,21,1,9.5,,,,,,
2026-07-25T14:43:29,P15,KIH,S1,desk,8,2,6,14,6.0,14.0,2.8,25,2,10.04,,,,,,
2026-07-25T14:45:31,P15,KIH,S1,desk,9,2,6,16,6.0,16.0,3.2,21,1,6.55,,,,,,
2026-07-25T14:50:20,P15,KIH,S1,desk,10,3,8,20,8.0,20.0,4.0,29,2,8.13,,,,,,
2026-07-25T14:52:30,P15,KIH,S1,desk,11,3,9,23,9.0,23.0,4.6,35,1,5.71,,,,,,
2026-07-25T14:54:06,P15,KIH,S1,desk,12,4,10,25,10.0,25.0,5.0,40,1,6.26,,,,,,
2026-07-25T14:59:15,P15,KIH,S1,desk,13,4,11,28,11.0,28.0,5.6,41,1,4.7,,,,,,
2026-07-25T15:01:32,P15,KIH,S1,desk,14,5,13,33,13.0,33.0,6.6,51,1,4.35,,,,,,
2026-07-25T15:03:27,P15,KIH,S1,desk,15,7,16,39,16.0,39.0,7.8,61,2,4.5,,,,,,
2026-07-25T15:22:04,P15,TV_OSK,S1,desk,1,5,13,28,13,28,5.6,,,,0,28,192,0,6.857,0.0
2026-07-25T15:24:07,P15,TV_OSK,S1,desk,2,5,13,29,13,29,5.8,,,,0,40,201,5,5.025,37.93
2026-07-25T15:26:18,P15,TV_OSK,S1,desk,3,4,12,33,12,33,6.6,,,,0,33,160,0,4.848,0.0
2026-07-25T15:28:35,P15,TV_OSK,S1,desk,4,5,12,32,12,32,6.4,,,,0,32,175,0,5.469,0.0
2026-07-25T15:30:44,P15,TV_OSK,S1,desk,5,2,9,23,9,23,4.6,,,,0,23,182,0,7.913,0.0
2026-07-25T15:34:48,P15,TV_OSK,S1,desk,6,5,14,35,14,35,7,,,,0,35,207,0,5.914,0.0
2026-07-25T15:36:54,P15,TV_OSK,S1,desk,7,4,13,32,13,32,6.4,,,,0,35,197,2,5.629,9.38
2026-07-25T15:39:04,P15,TV_OSK,S1,desk,8,5,13,31,13,31,6.2,,,,0,31,194,0,6.258,0.0
2026-07-25T15:41:24,P15,TV_OSK,S1,desk,9,7,14,33,14,33,6.6,,,,0,33,197,0,5.97,0.0
2026-07-25T15:43:43,P15,TV_OSK,S1,desk,10,5,15,35,15,35,7,,,,0,35,206,0,5.886,0.0
2026-07-25T15:48:05,P15,TV_OSK,S1,desk,11,5,15,35,15,35,7,,,,0,35,204,0,5.829,0.0
2026-07-25T15:50:19,P15,TV_OSK,S1,desk,12,5,14,35,14,35,7,,,,0,38,235,1,6.184,8.57
2026-07-25T15:52:29,P15,TV_OSK,S1,desk,13,8,18,40,18,40,8,,,,0,42,235,0,5.595,5.0
2026-07-25T15:54:47,P15,TV_OSK,S1,desk,14,7,17,43,17,43,8.6,,,,0,47,235,0,5.0,9.3
2026-07-25T15:56:54,P15,TV_OSK,S1,desk,15,7,14,35,14,35,7,,,,0,46,186,4,4.043,31.43
2026-07-25T15:31:20,P16,KIH,S1,desk,1,2,5,12,5.0,12.0,2.4,21,3,16.15,,,,,,
2026-07-25T15:33:52,P16,KIH,S1,desk,2,2,6,14,6.0,14.0,2.8,25,2,18.5,,,,,,
2026-07-25T15:35:23,P16,KIH,S1,desk,3,2,5,13,5.0,13.0,2.6,21,2,13.91,,,,,,
2026-07-25T15:40:31,P16,KIH,S1,desk,4,2,6,15,6.0,15.0,3.0,24,2,12.55,,,,,,
2026-07-25T15:42:41,P16,KIH,S1,desk,5,3,7,17,7.0,17.0,3.4,26,3,15.21,,,,,,
2026-07-25T15:44:04,P16,KIH,S1,desk,6,3,8,21,8.0,21.0,4.2,36,3,12.87,,,,,,
2026-07-25T15:49:14,P16,KIH,S1,desk,7,4,10,24,10.0,24.0,4.8,38,2,10.17,,,,,,
2026-07-25T15:51:50,P16,KIH,S1,desk,8,4,11,27,11.0,27.0,5.4,44,3,10.48,,,,,,
2026-07-25T15:53:43,P16,KIH,S1,desk,9,4,11,28,11.0,28.0,5.6,40,2,8.1,,,,,,
2026-07-25T15:58:30,P16,KIH,S1,desk,10,6,14,34,14.0,34.0,6.8,52,3,7.95,,,,,,
2026-07-25T16:00:39,P16,KIH,S1,desk,11,6,15,38,15.0,38.0,7.6,60,3,8.98,,,,,,
2026-07-25T16:02:13,P16,KIH,S1,desk,12,7,16,42,16.0,42.0,8.4,67,4,8.2,,,,,,
2026-07-25T16:07:18,P16,KIH,S1,desk,13,8,19,47,19.0,47.0,9.4,73,5,7.55,,,,,,
2026-07-25T16:09:07,P16,KIH,S1,desk,14,8,20,51,20.0,51.0,10.2,73,2,5.08,,,,,,
2026-07-25T16:11:48,P16,KIH,S1,desk,15,9,22,56,22.0,56.0,11.2,85,3,6.15,,,,,,
2026-07-25T14:45:07,P16,TV_OSK,S1,desk,1,5,12,28,12,28,5.6,,,,1,30,179,2,5.967,7.14
2026-07-25T14:47:27,P16,TV_OSK,S1,desk,2,5,13,32,13,32,6.4,,,,0,32,158,0,4.938,0.0
2026-07-25T14:49:28,P16,TV_OSK,S1,desk,3,6,15,40,15,40,8,,,,0,49,148,4,3.02,22.5
2026-07-25T14:51:56,P16,TV_OSK,S1,desk,4,5,11,26,11,26,5.2,,,,0,26,120,0,4.615,0.0
2026-07-25T14:54:18,P16,TV_OSK,S1,desk,5,4,11,31,11,31,6.2,,,,0,31,163,0,5.258,0.0
2026-07-25T14:58:27,P16,TV_OSK,S1,desk,6,4,15,35,15,35,7,,,,0,35,119,0,3.4,0.0
2026-07-25T15:00:51,P16,TV_OSK,S1,desk,7,4,12,31,12,31,6.2,,,,0,36,133,2,3.694,16.13
2026-07-25T15:03:15,P16,TV_OSK,S1,desk,8,5,12,31,12,31,6.2,,,,0,39,177,3,4.538,25.81
2026-07-25T15:05:26,P16,TV_OSK,S1,desk,9,6,14,34,14,34,6.8,,,,0,34,120,0,3.529,0.0
2026-07-25T15:07:40,P16,TV_OSK,S1,desk,10,6,12,33,12,33,6.6,,,,0,33,149,0,4.515,0.0
2026-07-25T15:12:00,P16,TV_OSK,S1,desk,11,7,16,40,16,40,8,,,,0,40,168,0,4.2,0.0
2026-07-25T15:14:26,P16,TV_OSK,S1,desk,12,6,17,38,17,38,7.6,,,,0,39,204,0,5.231,2.63
2026-07-25T15:16:53,P16,TV_OSK,S1,desk,13,5,11,32,11,32,6.4,,,,0,32,149,0,4.656,0.0
2026-07-25T15:18:57,P16,TV_OSK,S1,desk,14,2,8,18,8,18,3.6,,,,0,27,149,4,5.519,50.0
2026-07-25T15:21:02,P16,TV_OSK,S1,desk,15,6,13,38,13,38,7.6,,,,0,40,175,0,4.375,5.26
2026-07-25T16:34:19,P17,KIH,S1,desk,1,1,4,10,4.0,10.0,2.0,20,3,21.08,,,,,,
2026-07-25T16:36:21,P17,KIH,S1,desk,2,1,4,10,4.0,10.0,2.0,18,2,17.09,,,,,,
2026-07-25T16:39:32,P17,KIH,S1,desk,3,2,5,12,5.0,12.0,2.4,22,3,14.33,,,,,,
2026-07-25T16:44:08,P17,KIH,S1,desk,4,2,6,14,6.0,14.0,2.8,21,3,12.45,,,,,,
2026-07-25T16:46:08,P17,KIH,S1,desk,5,2,6,14,6.0,14.0,2.8,26,3,14.33,,,,,,
2026-07-25T16:48:55,P17,KIH,S1,desk,6,3,7,16,7.0,16.0,3.2,26,3,13.36,,,,,,
2026-07-25T16:53:22,P17,KIH,S1,desk,7,3,7,18,7.0,18.0,3.6,31,3,10.0,,,,,,
2026-07-25T16:55:26,P17,KIH,S1,desk,8,3,8,21,8.0,21.0,4.2,32,3,10.24,,,,,,
2026-07-25T16:58:28,P17,KIH,S1,desk,9,3,9,23,9.0,23.0,4.6,36,3,7.51,,,,,,
2026-07-25T17:02:52,P17,KIH,S1,desk,10,4,11,27,11.0,27.0,5.4,41,3,8.29,,,,,,
2026-07-25T17:05:06,P17,KIH,S1,desk,11,5,12,29,12.0,29.0,5.8,43,3,6.6,,,,,,
2026-07-25T17:07:36,P17,KIH,S1,desk,12,5,13,32,13.0,32.0,6.4,49,2,7.01,,,,,,
2026-07-25T17:12:20,P17,KIH,S1,desk,13,5,13,34,13.0,34.0,6.8,52,3,5.68,,,,,,
2026-07-25T17:15:08,P17,KIH,S1,desk,14,7,16,41,16.0,41.0,8.2,61,2,5.25,,,,,,
2026-07-25T17:17:31,P17,KIH,S1,desk,15,7,17,44,17.0,44.0,8.8,68,2,4.74,,,,,,
2026-07-25T17:34:17,P17,TV_OSK,S1,desk,1,6,13,32,13,32,6.4,,,,0,35,187,1,5.343,9.38
2026-07-25T17:36:32,P17,TV_OSK,S1,desk,2,7,16,40,16,40,8,,,,0,42,176,1,4.19,5.0
2026-07-25T17:38:42,P17,TV_OSK,S1,desk,3,5,13,35,13,35,7,,,,0,40,189,2,4.725,14.29
2026-07-25T17:41:11,P17,TV_OSK,S1,desk,4,5,10,29,10,29,5.8,,,,0,32,192,1,6.0,10.34
2026-07-25T17:43:25,P17,TV_OSK,S1,desk,5,7,15,36,15,36,7.2,,,,0,36,160,0,4.444,0.0
2026-07-25T17:47:44,P17,TV_OSK,S1,desk,6,7,16,41,16,41,8.2,,,,0,41,181,0,4.415,0.0
2026-07-25T17:50:10,P17,TV_OSK,S1,desk,7,7,14,32,14,32,6.4,,,,0,34,175,1,5.147,6.25
2026-07-25T17:52:22,P17,TV_OSK,S1,desk,8,7,17,39,17,39,7.8,,,,0,45,181,2,4.022,15.38
2026-07-25T17:54:42,P17,TV_OSK,S1,desk,9,6,15,36,15,36,7.2,,,,0,36,177,0,4.917,0.0
2026-07-25T17:57:07,P17,TV_OSK,S1,desk,10,6,15,39,15,39,7.8,,,,0,40,210,0,5.25,2.56
2026-07-25T18:01:13,P17,TV_OSK,S1,desk,11,4,15,36,15,36,7.2,,,,0,38,222,1,5.842,5.56
2026-07-25T18:03:28,P17,TV_OSK,S1,desk,12,6,14,37,14,37,7.4,,,,0,39,212,1,5.436,5.41
2026-07-25T18:05:45,P17,TV_OSK,S1,desk,13,5,13,33,13,33,6.6,,,,0,36,171,2,4.75,9.09
2026-07-25T18:08:10,P17,TV_OSK,S1,desk,14,2,8,18,8,18,3.6,,,,0,18,144,0,8.0,0.0
2026-07-25T18:10:27,P17,TV_OSK,S1,desk,15,6,13,38,13,38,7.6,,,,0,41,211,0,5.146,7.89
2026-07-26T10:21:20,P18,KIH,S1,desk,1,2,5,12,5.0,12.0,2.4,24,2,23.19,,,,,,
2026-07-26T10:22:13,P18,KIH,S1,desk,2,2,6,15,6.0,15.0,3.0,30,3,17.15,,,,,,
2026-07-26T10:23:48,P18,KIH,S1,desk,3,2,6,16,6.0,16.0,3.2,29,3,17.27,,,,,,
2026-07-26T10:27:58,P18,KIH,S1,desk,4,3,7,18,7.0,18.0,3.6,34,3,14.41,,,,,,
2026-07-26T10:29:18,P18,KIH,S1,desk,5,3,7,18,7.0,18.0,3.6,34,2,13.22,,,,,,
2026-07-26T10:30:49,P18,KIH,S1,desk,6,4,10,23,10.0,23.0,4.6,40,2,9.33,,,,,,
2026-07-26T10:33:43,P18,KIH,S1,desk,7,4,10,25,10.0,25.0,5.0,44,3,10.23,,,,,,
2026-07-26T10:35:39,P18,KIH,S1,desk,8,4,11,27,11.0,27.0,5.4,47,2,9.39,,,,,,
2026-07-26T10:37:22,P18,KIH,S1,desk,9,5,12,30,12.0,30.0,6.0,54,3,6.86,,,,,,
2026-07-26T10:40:23,P18,KIH,S1,desk,10,5,13,32,13.0,32.0,6.4,53,3,6.96,,,,,,
2026-07-26T10:42:01,P18,KIH,S1,desk,11,6,15,38,15.0,38.0,7.6,64,2,5.54,,,,,,
2026-07-26T10:43:17,P18,KIH,S1,desk,12,7,16,39,16.0,39.0,7.8,68,3,5.59,,,,,,
2026-07-26T10:47:23,P18,KIH,S1,desk,13,7,18,47,18.0,47.0,9.4,78,3,4.04,,,,,,
2026-07-26T10:48:17,P18,KIH,S1,desk,14,8,20,49,20.0,49.0,9.8,83,2,4.02,,,,,,
2026-07-26T10:50:22,P18,KIH,S1,desk,15,10,23,58,23.0,58.0,11.6,96,3,3.31,,,,,,
2026-07-26T09:31:57,P18,TV_OSK,S1,desk,1,5,11,30,11,30,6,,,,0,30,183,0,6.1,0.0
2026-07-26T09:34:17,P18,TV_OSK,S1,desk,2,4,10,26,10,26,5.2,,,,0,27,179,0,6.63,3.85
2026-07-26T09:36:31,P18,TV_OSK,S1,desk,3,5,14,37,14,37,7.4,,,,0,39,181,1,4.641,5.41
2026-07-26T09:38:36,P18,TV_OSK,S1,desk,4,3,9,26,9,26,5.2,,,,0,26,172,0,6.615,0.0
2026-07-26T09:41:03,P18,TV_OSK,S1,desk,5,4,12,31,12,31,6.2,,,,0,33,179,1,5.424,6.45
2026-07-26T09:45:24,P18,TV_OSK,S1,desk,6,5,13,36,13,36,7.2,,,,0,37,184,0,4.973,2.78
2026-07-26T09:47:54,P18,TV_OSK,S1,desk,7,4,13,30,13,30,6,,,,0,35,188,2,5.371,16.67
2026-07-26T09:50:11,P18,TV_OSK,S1,desk,8,5,14,37,14,37,7.4,,,,0,38,194,0,5.105,2.7
2026-07-26T09:52:12,P18,TV_OSK,S1,desk,9,6,13,34,13,34,6.8,,,,0,34,181,0,5.324,0.0
2026-07-26T09:54:15,P18,TV_OSK,S1,desk,10,6,14,38,14,38,7.6,,,,0,47,215,4,4.574,23.68
2026-07-26T09:58:42,P18,TV_OSK,S1,desk,11,5,14,33,14,33,6.6,,,,0,34,203,0,5.971,3.03
2026-07-26T10:00:57,P18,TV_OSK,S1,desk,12,6,14,35,14,35,7,,,,0,38,197,1,5.184,8.57
2026-07-26T10:03:26,P18,TV_OSK,S1,desk,13,5,12,31,12,31,6.2,,,,0,33,166,0,5.03,6.45
2026-07-26T10:05:26,P18,TV_OSK,S1,desk,14,2,8,18,8,18,3.6,,,,0,20,148,0,7.4,11.11
2026-07-26T10:07:55,P18,TV_OSK,S1,desk,15,6,16,41,16,41,8.2,,,,0,41,158,0,3.854,0.0
2026-07-26T13:06:14,P19,KIH,S1,desk,1,3,7,16,7.0,16.0,3.2,27,3,18.5,,,,,,
2026-07-26T13:07:33,P19,KIH,S1,desk,2,3,7,17,7.0,17.0,3.4,29,3,16.26,,,,,,
2026-07-26T13:09:28,P19,KIH,S1,desk,3,3,8,19,8.0,19.0,3.8,36,4,13.07,,,,,,
2026-07-26T13:14:31,P19,KIH,S1,desk,4,3,8,20,8.0,20.0,4.0,37,5,15.61,,,,,,
2026-07-26T13:17:06,P19,KIH,S1,desk,5,3,8,20,8.0,20.0,4.0,38,3,13.54,,,,,,
2026-07-26T13:18:45,P19,KIH,S1,desk,6,4,10,25,10.0,25.0,5.0,45,4,10.52,,,,,,
2026-07-26T13:23:50,P19,KIH,S1,desk,7,4,10,26,10.0,26.0,5.2,44,3,9.05,,,,,,
2026-07-26T13:25:39,P19,KIH,S1,desk,8,4,11,28,11.0,28.0,5.6,45,3,9.93,,,,,,
2026-07-26T13:28:02,P19,KIH,S1,desk,9,5,12,30,12.0,30.0,6.0,51,3,9.52,,,,,,
2026-07-26T13:33:01,P19,KIH,S1,desk,10,5,13,33,13.0,33.0,6.6,55,3,8.29,,,,,,
2026-07-26T13:35:10,P19,KIH,S1,desk,11,5,13,33,13.0,33.0,6.6,53,2,6.66,,,,,,
2026-07-26T13:37:11,P19,KIH,S1,desk,12,7,16,40,16.0,40.0,8.0,66,2,6.19,,,,,,
2026-07-26T13:41:54,P19,KIH,S1,desk,13,7,17,43,17.0,43.0,8.6,73,3,5.1,,,,,,
2026-07-26T13:43:27,P19,KIH,S1,desk,14,8,19,47,19.0,47.0,9.4,76,2,4.76,,,,,,
2026-07-26T13:45:47,P19,KIH,S1,desk,15,8,19,48,19.0,48.0,9.6,83,3,4.6,,,,,,
2026-07-26T14:00:26,P19,TV_OSK,S1,desk,1,5,12,30,12,30,6,,,,0,30,162,0,5.4,0.0
2026-07-26T14:02:52,P19,TV_OSK,S1,desk,2,5,13,29,13,29,5.8,,,,0,32,153,1,4.781,10.34
2026-07-26T14:05:05,P19,TV_OSK,S1,desk,3,5,14,37,14,37,7.4,,,,0,38,157,0,4.132,2.7
2026-07-26T14:07:07,P19,TV_OSK,S1,desk,4,5,12,29,12,29,5.8,,,,0,29,127,0,4.379,0.0
2026-07-26T14:09:24,P19,TV_OSK,S1,desk,5,3,8,23,8,23,4.6,,,,0,26,158,1,6.077,13.04
2026-07-26T14:13:45,P19,TV_OSK,S1,desk,6,7,15,36,15,36,7.2,,,,0,37,119,0,3.216,2.78
2026-07-26T14:15:56,P19,TV_OSK,S1,desk,7,4,12,35,12,35,7,,,,0,35,118,0,3.371,0.0
2026-07-26T14:18:00,P19,TV_OSK,S1,desk,8,6,15,38,15,38,7.6,,,,0,39,135,0,3.462,2.63
2026-07-26T14:20:04,P19,TV_OSK,S1,desk,9,7,15,36,15,36,7.2,,,,0,37,165,0,4.459,2.78
2026-07-26T14:22:13,P19,TV_OSK,S1,desk,10,6,13,33,13,33,6.6,,,,0,34,141,0,4.147,3.03
2026-07-26T14:26:20,P19,TV_OSK,S1,desk,11,6,14,37,14,37,7.4,,,,0,46,159,3,3.457,24.32
2026-07-26T14:28:38,P19,TV_OSK,S1,desk,12,8,18,42,18,42,8.4,,,,0,42,161,0,3.833,0.0
2026-07-26T14:30:51,P19,TV_OSK,S1,desk,13,7,16,38,16,38,7.6,,,,0,41,197,2,4.805,7.89
2026-07-26T14:32:58,P19,TV_OSK,S1,desk,14,6,15,37,15,37,7.4,,,,0,37,118,0,3.189,0.0
2026-07-26T14:35:06,P19,TV_OSK,S1,desk,15,7,16,39,16,39,7.8,,,,0,39,118,0,3.026,0.0
2026-07-26T15:12:37,P20,KIH,S1,desk,1,2,5,12,5.0,12.0,2.4,26,3,14.47,,,,,,
2026-07-26T15:13:54,P20,KIH,S1,desk,2,2,5,12,5.0,12.0,2.4,24,2,13.97,,,,,,
2026-07-26T15:15:49,P20,KIH,S1,desk,3,2,6,15,6.0,15.0,3.0,29,2,15.1,,,,,,
2026-07-26T15:21:26,P20,KIH,S1,desk,4,3,7,16,7.0,16.0,3.2,28,2,12.47,,,,,,
2026-07-26T15:22:59,P20,KIH,S1,desk,5,3,8,20,8.0,20.0,4.0,36,2,12.88,,,,,,
2026-07-26T15:24:11,P20,KIH,S1,desk,6,3,8,20,8.0,20.0,4.0,35,3,10.42,,,,,,
2026-07-26T15:29:44,P20,KIH,S1,desk,7,3,9,23,9.0,23.0,4.6,38,2,10.12,,,,,,
2026-07-26T15:30:50,P20,KIH,S1,desk,8,4,10,25,10.0,25.0,5.0,42,2,8.72,,,,,,
2026-07-26T15:33:08,P20,KIH,S1,desk,9,4,11,27,11.0,27.0,5.4,49,3,9.7,,,,,,
2026-07-26T15:38:40,P20,KIH,S1,desk,10,5,12,30,12.0,30.0,6.0,51,3,8.44,,,,,,
2026-07-26T15:39:35,P20,KIH,S1,desk,11,6,14,34,14.0,34.0,6.8,61,3,7.9,,,,,,
2026-07-26T15:41:35,P20,KIH,S1,desk,12,7,16,39,16.0,39.0,7.8,69,3,6.92,,,,,,
2026-07-26T15:46:23,P20,KIH,S1,desk,13,7,17,42,17.0,42.0,8.4,69,2,5.5,,,,,,
2026-07-26T15:48:01,P20,KIH,S1,desk,14,8,20,50,20.0,50.0,10.0,83,3,6.51,,,,,,
2026-07-26T15:49:39,P20,KIH,S1,desk,15,9,22,54,22.0,54.0,10.8,92,4,5.57,,,,,,
2026-07-26T16:07:09,P20,TV_OSK,S1,desk,1,5,11,29,11,29,5.8,,,,0,29,175,0,6.034,0.0
2026-07-26T16:09:31,P20,TV_OSK,S1,desk,2,7,15,35,15,35,7,,,,0,44,185,5,4.205,25.71
2026-07-26T16:11:32,P20,TV_OSK,S1,desk,3,5,13,34,13,34,6.8,,,,0,34,172,0,5.059,0.0
2026-07-26T16:13:56,P20,TV_OSK,S1,desk,4,4,9,27,9,27,5.4,,,,0,32,190,2,5.938,18.52
2026-07-26T16:16:13,P20,TV_OSK,S1,desk,5,7,15,36,15,36,7.2,,,,0,36,157,0,4.361,0.0
2026-07-26T16:20:42,P20,TV_OSK,S1,desk,6,7,15,37,15,37,7.4,,,,0,37,161,0,4.351,0.0
2026-07-26T16:23:02,P20,TV_OSK,S1,desk,7,5,12,29,12,29,5.8,,,,0,29,158,0,5.448,0.0
2026-07-26T16:25:05,P20,TV_OSK,S1,desk,8,6,15,36,15,36,7.2,,,,0,45,170,4,3.778,25.0
2026-07-26T16:27:12,P20,TV_OSK,S1,desk,9,6,14,34,14,34,6.8,,,,1,34,137,0,4.029,0.0
2026-07-26T16:29:23,P20,TV_OSK,S1,desk,10,7,15,35,15,35,7,,,,0,42,208,3,4.952,20.0
2026-07-26T16:33:30,P20,TV_OSK,S1,desk,11,5,14,33,14,33,6.6,,,,0,34,200,0,5.882,3.03
2026-07-26T16:35:43,P20,TV_OSK,S1,desk,12,6,16,42,16,42,8.4,,,,0,42,181,0,4.31,0.0
2026-07-26T16:37:46,P20,TV_OSK,S1,desk,13,5,11,31,11,31,6.2,,,,0,31,140,0,4.516,0.0
2026-07-26T16:39:51,P20,TV_OSK,S1,desk,14,2,8,18,8,18,3.6,,,,0,20,158,0,7.9,11.11
2026-07-26T16:42:08,P20,TV_OSK,S1,desk,15,6,12,35,12,35,7,,,,0,35,197,0,5.629,0.0
